fighter,bjj_belt_rank,judo_belt_rank,master_of_sport,olympic_wrestler,olympic_judo,wrestling_background,bjj_background,other_styles_summary,wiki_url
Kyoji Horiguchi,black belt,black belt,No,No,No,,"team krazy bee (2009–2015) [ 5 ] american top team (2015–present) [ 6 ] trainer norifumi yamamoto mike brown rank a-class shootist 2nd degree black belt in shotokan karate [ 7 ] years active 2010–present mixed martial arts record total 40 wins 34 by knockout 15 by submission 5 by decision 14 losses 5 by knockout 2 by submission 1 by decision 2 no contests 1 other information website https://horiguchikyoji.com/ mixed martial arts record from sherdog kyoji horiguchi ( japanese : 堀口 恭司 , horiguchi kyōji ; born october 12, 1990) is a japanese mixed martial artist [ 8 ] currently signed to the ultimate fighting championship .","kyoji horiguchi - wikipedia jump to content main menu main menu move to sidebar hide navigation main page contents current events random article about wikipedia contact us contribute help learn to edit community portal recent changes upload file special pages search search appearance donate create account log in personal tools donate create account log in pages for logged out editors learn more contributions talk contents move to sidebar hide (top) 1 background 2 mixed martial arts career toggle mixed martial arts career subsection 2.1 shooto 2.2 ultimate fighting championship 2.3 rizin fighting federation 2.4 bellator mma 2.5 return to rizin and flyweight 2.6 return to the ufc 3 championships and accomplishments toggle championships and accomplishments subsection 3.1 mixed martial arts 4 mixed martial arts record toggle mixed martial arts record subsection 4.1 amateur mixed martial arts record 5 kickboxing record 6 see also 7 references 8 external links toggle the table of contents kyoji horiguchi 10 languages العربية فارسی français italiano 日本語 polski português русский svenska 中文 edit links article talk english read edit view history tools tools move to sidebar hide actions read edit view history general what links here related changes upload file permanent link page information cite this page get shortened url download qr code print/export download as pdf printable version in other projects wikimedia commons wikidata item appearance move to sidebar hide from wikipedia, the free encyclopedia japanese mixed martial artist kyoji horiguchi born ( 1990-10-12 ) october 12, 1990 (age 34) takasaki, gunma , japan native name 堀口恭司 other names the supernova (former), [ 1 ] the typhoon [ 2 ] nickname the typhoon residence takasaki, gunma , japan height 5 ft 5 in (1.65 m) [ 3 ] weight 135 lb (61 kg; 9 st 9 lb) division bantamweight flyweight reach 66 in (168 cm) [ 4 ] style shotokan karate , kickboxing , shootfighting fighting out of coconut creek, florida , u.s. | team krazy bee (2009–2015) [ 5 ] american top team (2015–present) [ 6 ] trainer norifumi yamamoto mike brown rank a-class shootist 2nd degree black belt in shotokan karate [ 7 ] years active 2010–present mixed martial arts record total 40 wins 34 by knockout 15 by submission 5 by decision 14 losses 5 by knockout 2 by submission 1 by decision 2 no contests 1 other information website https://horiguchikyoji.com/ mixed martial arts record from sherdog kyoji horiguchi ( japanese : 堀口 恭司 , horiguchi kyōji ; born october 12, 1990) is a japanese mixed martial artist [ 8 ] currently signed to the ultimate fighting championship . | [ 12 ] background [ edit ] horiguchi began training in karate at the age of five and was talented, as he soon began competing in full-contact competitions and went on to become a regional champion.",https://en.wikipedia.org/wiki/Kyoji_Horiguchi
Chris Curtis,purple belt,purple belt,No,No,No,"chris curtis at ufc professional mma record for chris curtis from sherdog retrieved from "" https://en.wikipedia.org/w/index.php?title=chris_curtis_(fighter)&oldid=1301371374 "" categories : 1987 births living people middleweight mixed martial artists mixed martial artists utilizing boxing mixed martial artists utilizing brazilian jiu-jitsu mixed martial artists utilizing wrestling american male mixed martial artists american male boxers american practitioners of brazilian jiu-jitsu ultimate fighting championship male fighters sportspeople from cincinnati mixed martial artists from ohio hidden categories: cs1 dutch-language sources (nl) cs1 spanish-language sources (es) articles with short description short description is different from wikidata use mdy dates from august 2021 commons category link from wikidata this page was last edited on 19 july 2025, at 12:30 (utc) .","team vision mma (formerly) [ 3 ] son of siam (until 2017) [ 4 ] team quest (2015–2019) [ 3 ] [ 5 ] syndicate mma (2019–present) [ 5 ] xtreme couture (2019–present) [ 5 ] rank purple belt in brazilian jiu-jitsu [ 6 ] years active 2009–present professional boxing record total 2 wins 2 by knockout 1 losses 0 mixed martial arts record total 45 wins 32 by knockout 17 by submission 1 by decision 14 losses 12 by knockout 2 by submission 1 by decision 9 no contests 1 other information boxing record from boxrec mixed martial arts record from sherdog christopher alan curtis [ 1 ] (born july 15, 1987) is an american professional mixed martial artist and former boxer . | chris curtis at ufc professional mma record for chris curtis from sherdog retrieved from "" https://en.wikipedia.org/w/index.php?title=chris_curtis_(fighter)&oldid=1301371374 "" categories : 1987 births living people middleweight mixed martial artists mixed martial artists utilizing boxing mixed martial artists utilizing brazilian jiu-jitsu mixed martial artists utilizing wrestling american male mixed martial artists american male boxers american practitioners of brazilian jiu-jitsu ultimate fighting championship male fighters sportspeople from cincinnati mixed martial artists from ohio hidden categories: cs1 dutch-language sources (nl) cs1 spanish-language sources (es) articles with short description short description is different from wikidata use mdy dates from august 2021 commons category link from wikidata this page was last edited on 19 july 2025, at 12:30 (utc) .","chris curtis (fighter) - wikipedia jump to content main menu main menu move to sidebar hide navigation main page contents current events random article about wikipedia contact us contribute help learn to edit community portal recent changes upload file special pages search search appearance donate create account log in personal tools donate create account log in pages for logged out editors learn more contributions talk contents move to sidebar hide (top) 1 early life 2 mixed martial arts career toggle mixed martial arts career subsection 2.1 early career 2.2 dana white's tuesday night contender series and first retirement 2.3 professional fighters league 2.3.1 playoffs, second and third retirement 2.4 return from retirement and other organizations 2.5 ultimate fighting championship 3 personal life 4 championships and achievements 5 mixed martial arts record 6 professional boxing record 7 see also 8 references 9 external links toggle the table of contents chris curtis (fighter) 5 languages العربية español 日本語 português русский edit links article talk english read edit view history tools tools move to sidebar hide actions read edit view history general what links here related changes upload file permanent link page information cite this page get shortened url download qr code print/export download as pdf printable version in other projects wikimedia commons wikidata item appearance move to sidebar hide from wikipedia, the free encyclopedia american mixed martial artist (born 1987) chris curtis chris curtis in 2022 born christopher alan curtis [ 1 ] ( 1987-07-15 ) july 15, 1987 (age 38) cincinnati, ohio , u.s. | team vision mma (formerly) [ 3 ] son of siam (until 2017) [ 4 ] team quest (2015–2019) [ 3 ] [ 5 ] syndicate mma (2019–present) [ 5 ] xtreme couture (2019–present) [ 5 ] rank purple belt in brazilian jiu-jitsu [ 6 ] years active 2009–present professional boxing record total 2 wins 2 by knockout 1 losses 0 mixed martial arts record total 45 wins 32 by knockout 17 by submission 1 by decision 14 losses 12 by knockout 2 by submission 1 by decision 9 no contests 1 other information boxing record from boxrec mixed martial arts record from sherdog christopher alan curtis [ 1 ] (born july 15, 1987) is an american professional mixed martial artist and former boxer . | [ 66 ] professional boxing record [ edit ] 2 fights 2 wins 0 losses by knockout 1 0 by decision 1 0 no.",https://en.wikipedia.org/wiki/Chris_Curtis_(fighter)
Tecia Pennington,"black belt, blue belt","black belt, blue belt",No,No,No,,"other names the tiny tornado height 5 ft 1 in (1.55 m) [ 1 ] weight 115 lb (52 kg; 8.2 st) division strawweight reach 60 + 1 ⁄ 2 in (154 cm) [ 2 ] style taekwondo , muay thai , karate , brazilian jiu-jitsu fighting out of colorado springs , u.s. | team american top team rank black belt in karate [ 3 ] black belt in jhoon-rhee taekwondo [ 3 ] [ 4 ] blue belt in brazilian jiu-jitsu [ 5 ] [ 4 ] years active 2011–present mixed martial arts record total 22 wins 15 by knockout 1 by submission 1 by decision 13 losses 7 by decision 7 amateur record total 7 wins 7 by submission 2 by decision 5 losses 0 other information spouse raquel pennington ​ ( m. | she began in taekwondo as a child, and received her black belt after twelve years practicing the sport.","other names the tiny tornado height 5 ft 1 in (1.55 m) [ 1 ] weight 115 lb (52 kg; 8.2 st) division strawweight reach 60 + 1 ⁄ 2 in (154 cm) [ 2 ] style taekwondo , muay thai , karate , brazilian jiu-jitsu fighting out of colorado springs , u.s. | team american top team rank black belt in karate [ 3 ] black belt in jhoon-rhee taekwondo [ 3 ] [ 4 ] blue belt in brazilian jiu-jitsu [ 5 ] [ 4 ] years active 2011–present mixed martial arts record total 22 wins 15 by knockout 1 by submission 1 by decision 13 losses 7 by decision 7 amateur record total 7 wins 7 by submission 2 by decision 5 losses 0 other information spouse raquel pennington ​ ( m. | she began in taekwondo as a child, and received her black belt after twelve years practicing the sport.",https://en.wikipedia.org/wiki/Tecia_Pennington
Cory Sandhagen,brown belt,brown belt,No,No,No,"""ufc nashville: cory sandhagen dominates font with wrestling after early torn tricep injury"" .","team high altitude martial arts (2010–present) [ 3 ] elevation fight team (2017–2024) [ 4 ] forge fight club (2024–present) [ 5 ] rank brown belt in brazilian jiu-jitsu under eliot marshall [ 6 ] years active 2015–present mixed martial arts record total 23 wins 18 by knockout 8 by submission 3 by decision 7 losses 5 by submission 1 by decision 4 other information university university of colorado boulder [ 3 ] mixed martial arts record from sherdog cory james sandhagen (born april 20, 1992) is an american professional mixed martial artist . | "" ""brown belt last night (...)"" "" . | montel jackson updated to 29 july 2025 retrieved from "" https://en.wikipedia.org/w/index.php?title=cory_sandhagen&oldid=1303786443 "" categories : american male mixed martial artists 1992 births living people bantamweight mixed martial artists featherweight mixed martial artists mixed martial artists utilizing boxing mixed martial artists utilizing kickboxing mixed martial artists utilizing brazilian jiu-jitsu mixed martial artists from colorado ultimate fighting championship male fighters american practitioners of brazilian jiu-jitsu sportspeople from aurora, colorado university of colorado boulder alumni 21st-century american sportsmen hidden categories: cs1 russian-language sources (ru) articles with dutch-language sources (nl) cs1 maint: multiple names: authors list articles with short description short description is different from wikidata articles using sports links with data from wikidata this page was last edited on 2 august 2025, at 02:01 (utc) .","[ 8 ] sandhagen began martial arts training as a child, starting with taekwondo . | his instructors didn't allow punches, so sandhagen switched to kickboxing. | in kickboxing, sandhagen won multiple wka titles including a wka world title.",https://en.wikipedia.org/wiki/Cory_Sandhagen
Miranda Maverick,black belt,black belt,No,No,No,"[ 6 ] she also joined her high school wrestling team at buffalo high school in buffalo, missouri her senior year and competed on the men's varsity team until discovering that she would not be going to college for wrestling. | she then stopped to focus on wrestling, instead turning her sights on mma soon after she graduated high school. | ""miranda maverick sticks to wrestling, earns decision over horth"" .","[ 1 ] team the house of muay thai (2018–2021) [ 2 ] semerzier bjj [ 3 ] team elevation (2021–present) [ 4 ] trainer jake chamberlain, mackens semerzier [ 3 ] rank black belt in brazilian jiu-jitsu [ 5 ] years active 2016–present mixed martial arts record total 21 wins 15 by knockout 1 by submission 7 by decision 7 losses 6 by decision 6 other information university old dominion university [ 6 ] drury university [ 6 ] mixed martial arts record from sherdog miranda rachelle maverick [ 7 ] (born july 1, 1997) is an american mixed martial artist who competes in the women's flyweight division of the ultimate fighting championship (ufc). | [ 57 ] grappling career [ edit ] maverick won a silver medal in the brown belt lightweight division of the ibjjf no-gi world championship 2023. | ""miranda maverick promoted to bjj black belt"" .","[ 1 ] team the house of muay thai (2018–2021) [ 2 ] semerzier bjj [ 3 ] team elevation (2021–present) [ 4 ] trainer jake chamberlain, mackens semerzier [ 3 ] rank black belt in brazilian jiu-jitsu [ 5 ] years active 2016–present mixed martial arts record total 21 wins 15 by knockout 1 by submission 7 by decision 7 losses 6 by decision 6 other information university old dominion university [ 6 ] drury university [ 6 ] mixed martial arts record from sherdog miranda rachelle maverick [ 7 ] (born july 1, 1997) is an american mixed martial artist who competes in the women's flyweight division of the ultimate fighting championship (ufc). | ^ a b c ""the house of muay thai"" .",https://en.wikipedia.org/wiki/Miranda_Maverick
Ilia Topuria,black belt,black belt,No,No,No,"[ 10 ] [ 18 ] at the age of seven, topuria moved to georgia with his family and started practicing greco-roman wrestling at a local school. | wrestling on fannation . | joel álvarez updated to 29 july 2025 retrieved from "" https://en.wikipedia.org/w/index.php?title=ilia_topuria&oldid=1305011062 "" categories : 1997 births living people male mixed martial artists from georgia (country) spanish male mixed martial artists featherweight mixed martial artists mixed martial artists utilizing greco-roman wrestling mixed martial artists utilizing brazilian jiu-jitsu emigrants from georgia (country) to spain mingrelians sportspeople of georgian descent ultimate fighting championship male fighters spanish practitioners of brazilian jiu-jitsu brazilian jiu-jitsu practitioners from georgia (country) people awarded a black belt in brazilian jiu-jitsu people from halle (westfalen) recipients of the order of honor (georgia) ultimate fighting championship champions 21st-century spanish sportsmen hidden categories: cs1 georgian-language sources (ka) cs1 spanish-language sources (es) webarchive template wayback links cs1 errors: generic title cs1 dutch-language sources (nl) all articles with dead external links articles with dead external links from august 2025 articles with permanently dead external links cs1 maint: numeric names: authors list articles with short description short description is different from wikidata wikipedia temporarily semi-protected biographies of living people biography with signature articles with hcards articles containing georgian-language text commons category link is on wikidata this page was last edited on 9 august 2025, at 14:22 (utc) .","ilia topuria - wikipedia jump to content main menu main menu move to sidebar hide navigation main page contents current events random article about wikipedia contact us contribute help learn to edit community portal recent changes upload file special pages search search appearance donate create account log in personal tools donate create account log in pages for logged out editors learn more contributions talk contents move to sidebar hide (top) 1 background 2 mixed martial arts career toggle mixed martial arts career subsection 2.1 early career 2.2 ultimate fighting championship 2.2.1 ufc featherweight champion 2.2.2 vacating title 2.2.3 ufc lightweight champion 3 fighting style 4 personal life 5 championships and accomplishments toggle championships and accomplishments subsection 5.1 mixed martial arts 6 mixed martial arts record 7 pay-per-view bouts 8 see also 9 references 10 external links toggle the table of contents ilia topuria 27 languages العربية azərbaycanca català čeština deutsch español euskara فارسی français 한국어 bahasa indonesia italiano ქართული მარგალური 日本語 polski português română русский shqip slovenčina српски / srpski suomi svenska türkçe українська 中文 edit links article talk english read view source view history tools tools move to sidebar hide actions read view source view history general what links here related changes upload file permanent link page information cite this page get shortened url download qr code print/export download as pdf printable version in other projects wikimedia commons wikidata item appearance move to sidebar hide from wikipedia, the free encyclopedia georgian and spanish mixed martial artist (born 1997) ilia topuria topuria in 2024 born ( 1997-01-21 ) january 21, 1997 (age 28) halle , germany native name ილია თოფურია [ 1 ] other names el matador nationality georgian [ 2 ] spanish [ 3 ] height 5 ft 7 in (170 cm) [ 4 ] [ 5 ] [ 6 ] weight 155 lb (70 kg; 11 st 1 lb) division bantamweight (2018) featherweight (2015–2021, 2022–2025) lightweight (2022, 2025-) reach 69 in (175 cm) [ 7 ] stance orthodox fighting out of alicante , spain team climent club (2012–2025) [ 8 ] [ 9 ] topuria team (2025–present) rank black belt in brazilian jiu-jitsu under jorge and agustín climent [ 10 ] [ 8 ] years active 2015–present mixed martial arts record total 17 wins 17 by knockout 7 by submission 8 by decision 2 losses 0 other information website iliatopuriaoficial .com mixed martial arts record from sherdog signature ilia topuria ( georgian : ილია თოფურია ; [ 11 ] born january 21, 1997) is a georgian [ 2 ] and spanish [ 3 ] professional mixed martial artist . | [ 22 ] in the same year, in may, he became the first georgian black belt in brazilian jiu-jitsu alongside his brother alex topuria. | [ 67 ] fighting style initially coming into the ufc organization with a strong base in brazilian jiu-jitsu , topuria dedicated himself to enhancing his stand-up game, developing a boxing -heavy approach under the guidance of experienced coaches.","[ 67 ] fighting style initially coming into the ufc organization with a strong base in brazilian jiu-jitsu , topuria dedicated himself to enhancing his stand-up game, developing a boxing -heavy approach under the guidance of experienced coaches. | his boxing style is marked by precise shot selection, fluid combinations, and remarkable power, which was on full display during his knockout victories over alexander volkanovski , max holloway , and charles oliveira . | topuria's execution of boxing is strategic, using his footwork and positioning to set up clean, fight-altering punches.",https://en.wikipedia.org/wiki/Ilia_Topuria
Jacqueline Cavalcanti,,,No,No,No,,,,https://en.wikipedia.org/wiki/Jacqueline_Cavalcanti
Islam Dulatov,,,No,No,No,,,,https://en.wikipedia.org/wiki/Islam_Dulatov
Ion Cuțelaba,,,No,No,No,"background [ edit ] born and raised in chișinău , cuțelaba began training and competing in greco-roman wrestling as an adolescent. | external links [ edit ] official ufc profile professional mma record for ion cutelaba from sherdog retrieved from "" https://en.wikipedia.org/w/index.php?title=ion_cuțelaba&oldid=1289819865 "" categories : 1993 births living people light heavyweight mixed martial artists moldovan male mixed martial artists moldovan sambo practitioners moldovan male sport wrestlers moldovan male judoka mixed martial artists utilizing kickboxing mixed martial artists utilizing sambo mixed martial artists utilizing greco-roman wrestling mixed martial artists utilizing judo sportspeople from chișinău ultimate fighting championship male fighters 21st-century moldovan people hidden categories: cs1 polish-language sources (pl) cs1 dutch-language sources (nl) articles with dutch-language sources (nl) cs1 errors: generic name articles with lithuanian-language sources (lt) articles with short description short description is different from wikidata use dmy dates from march 2022 this page was last edited on 11 may 2025, at 02:08 (utc) .",,"ion cuțelaba - wikipedia jump to content main menu main menu move to sidebar hide navigation main page contents current events random article about wikipedia contact us contribute help learn to edit community portal recent changes upload file special pages search search appearance donate create account log in personal tools donate create account log in pages for logged out editors learn more contributions talk contents move to sidebar hide (top) 1 background 2 mixed martial arts career toggle mixed martial arts career subsection 2.1 early career 2.2 ultimate fighting championship 2.2.1 2016 2.2.2 2017 2.2.3 2018 2.2.4 2019 2.2.5 2020 2.2.6 2021 2.2.7 2022 2.2.8 2023 2.2.9 2024 2.2.10 2025 3 personal life 4 championships and accomplishments toggle championships and accomplishments subsection 4.1 mixed martial arts 4.2 sambo 5 mixed martial arts record 6 see also 7 references 8 external links toggle the table of contents ion cuțelaba 11 languages العربية dansk español فارسی 日本語 português română русский svenska türkçe українська edit links article talk english read edit view history tools tools move to sidebar hide actions read edit view history general what links here related changes upload file permanent link page information cite this page get shortened url download qr code print/export download as pdf printable version in other projects wikidata item appearance move to sidebar hide from wikipedia, the free encyclopedia moldovan mixed martial arist ion cuțelaba born ( 1993-12-14 ) 14 december 1993 (age 31) chișinău , moldova other names the hulk height 6 ft 1 in (1.85 m) weight 205 lb (93 kg; 14.6 st) division heavyweight light heavyweight reach 75 in (191 cm) stance orthodox fighting out of chișinău, moldova team timoshkov sport club [ 1 ] csa moldova [ 2 ] mma factory [ 3 ] years active 2012–present mixed martial arts record total 32 wins 19 by knockout 13 by submission 3 by decision 3 losses 11 by knockout 3 by submission 4 by decision 3 by disqualification 1 draws 1 no contests 1 other information mixed martial arts record from sherdog ion cuțelaba (born 14 december 1993) [ 4 ] is a moldovan professional mixed martial artist who currently competes in the light heavyweight division of the ultimate fighting championship (ufc). | [ 2 ] he additionally competed in sambo and judo , becoming a national champion in both. | [ 1 ] in 2012, representing moldova , cuțelaba finished first in the 90 kg category of the european sambo championships .",https://en.wikipedia.org/wiki/Ion_Cu%C8%9Belaba
Khalil Rountree Jr.,,,No,No,No,,,"team syndicate mma (present) [ 4 ] tiger muay thai (2019–present) [ 4 ] years active 2010–present mixed martial arts record total 21 wins 14 by knockout 9 by decision 5 losses 6 by knockout 3 by submission 1 by decision 2 no contests 1 other information mixed martial arts record from sherdog khalil ibn rountree jr. | [ 7 ] before his ufc 236 fight against eryk anders, rountree trained in thailand, focusing on muay thai . | alonzo menifield updated to 29 july 2025 retrieved from "" https://en.wikipedia.org/w/index.php?title=khalil_rountree_jr.&oldid=1302014183 "" categories : living people 1990 births american male mixed martial artists light heavyweight mixed martial artists mixed martial artists utilizing muay thai mixed martial artists from california martial artists from los angeles american male muay thai practitioners american expatriate sportspeople in thailand ultimate fighting championship male fighters 21st-century american sportsmen hidden categories: cs1 dutch-language sources (nl) articles with brazilian portuguese-language sources (pt-br) all articles with dead external links articles with dead external links from june 2025 articles with permanently dead external links articles with short description short description is different from wikidata all articles with deprecated sources articles with deprecated sources from march 2023 this page was last edited on 22 july 2025, at 22:47 (utc) .",https://en.wikipedia.org/wiki/Khalil_Rountree_Jr.
Nazim Sadykhov,,,No,No,No,,,,https://en.wikipedia.org/wiki/Nazim_Sadykhov
Montel Jackson,purple belt,purple belt,No,No,No,"[ 7 ] background [ edit ] jackson started training in wrestling at high school to get away from street life as most of his friends ended up in jail or dead. | [ 8 ] with good results in wrestling, jackson set his goal to be an olympic wrestler; however, he chose to stay back and take care of his sick grandparents and turned down the opportunity to wrestle in college. | jackson  did an invitational wrestling match, team usa vs.","team red schafer mma [ 3 ] pura vida bjj/mma [ 4 ] [ 5 ] rank purple belt in brazilian jiu-jitsu [ 2 ] years active 2017–present mixed martial arts record total 17 wins 15 by knockout 8 by submission 1 by decision 6 losses 2 by decision 2 other information mixed martial arts record from sherdog montel samuel jackson [ 6 ] (born april 24, 1992) is an american professional mixed martial artist . | at the gym, he met gato, a puerto rican, who managed to talk him into competing in a brazilian jiu-jitsu tournament without a real class instructions. | montel jackson updated to 29 july 2025 retrieved from "" https://en.wikipedia.org/w/index.php?title=montel_jackson&oldid=1302024997 "" categories : living people 1992 births bantamweight mixed martial artists mixed martial artists utilizing wrestling mixed martial artists utilizing brazilian jiu-jitsu american male mixed martial artists american male sport wrestlers american practitioners of brazilian jiu-jitsu martial artists from milwaukee mixed martial artists from wisconsin ultimate fighting championship male fighters 21st-century american sportsmen hidden categories: cs1 dutch-language sources (nl) articles with spanish-language sources (es) cs1 errors: generic name articles with short description short description is different from wikidata use mdy dates from october 2024 this page was last edited on 22 july 2025, at 23:43 (utc) .",henry cejudo 12.,https://en.wikipedia.org/wiki/Montel_Jackson
,,,No,No,No,,,"in boxing , the country has produced scores of world-class fighters and several world champions, [ 297 ] such as carlos cruz , his brother leo , juan guzman , and joan guzman . | marines and controlled by the dominican volleyball federation , taekwondo , in which gabriel mercedes won an olympic silver medal in 2008, and judo . | an illustrated history of boxing .",https://en.wikipedia.org/wiki/Dominican_Republic
UFC Fight Night 257,,,No,No,No,,,hernandez fight nights (on espn+) cejudo vs. | rodrigues cejudo vs. | rodrigues cejudo vs.,https://en.wikipedia.org/wiki/UFC_Fight_Night_257
,,,No,No,No,,,,https://en.wikipedia.org/wiki/Italy
Philip Rowe,black belt,black belt,No,No,No,,"team fusion xcel performance rank black belt in brazilian jiu-jitsu under julien williams [ 2 ] years active 2014–present mixed martial arts record total 16 wins 11 by knockout 7 by submission 4 losses 5 by knockout 1 by decision 4 other information mixed martial arts record from sherdog philip ambrose rowe [ 3 ] [ 4 ] (born july 18, 1990) is an american mixed martial artist who competes in the welterweight division of the ultimate fighting championship . | i'm honored to have a black belt under him. | ""gordon ryan announces return to bjj competition"" .","[ 28 ] rowe competed against craig jones in the main event of karate combat 's pit submission series 2 on february 23, 2024. | boxing.nv.gov .",https://en.wikipedia.org/wiki/Philip_Rowe
Tim Elliott,blue belt,blue belt,No,No,No,"[ 3 ] team grindhouse / glory mma and fitness (2011–2017, 2020–2022) [ 4 ] [ 3 ] [ 1 ] xtreme couture (2017–2020) [ 5 ] next generation mma (2022–present) [ 1 ] rank blue belt in brazilian jiu-jitsu [ 6 ] wrestling ncaa division ii wrestling [ 7 ] years active 2009–present mixed martial arts record total 34 wins 20 by knockout 3 by submission 7 by decision 10 losses 13 by knockout 1 by submission 6 by decision 6 draws 1 other information spouse gina mazany ​ ( div. | 2023) ​ [ 8 ] mixed martial arts record from sherdog medal record collegiate wrestling representing labette cc njcaa championships 2007 rochester 125 lb timothy samuel elliott [ 9 ] (born december 24, 1986) is an american mixed martial artist who competes in the flyweight division of the ultimate fighting championship (ufc). | [ 1 ] when he was in fourth grade, elliott moved with his father to haysville, kansas , where he started wrestling .","[ 3 ] team grindhouse / glory mma and fitness (2011–2017, 2020–2022) [ 4 ] [ 3 ] [ 1 ] xtreme couture (2017–2020) [ 5 ] next generation mma (2022–present) [ 1 ] rank blue belt in brazilian jiu-jitsu [ 6 ] wrestling ncaa division ii wrestling [ 7 ] years active 2009–present mixed martial arts record total 34 wins 20 by knockout 3 by submission 7 by decision 10 losses 13 by knockout 1 by submission 6 by decision 6 draws 1 other information spouse gina mazany ​ ( div. | santos & loder 33 : tbd finale 1 2 3 4 5 6 7 8 9 10 11 12 13 14 15 brazil 16 the smashes 17 brazil 2 18 china nations brazil 3 19 latin america 20 21 brazil 4 latin america 2 22 23 latin america 3 24 25 26 27 28 29 30 31 32 retrieved from "" https://en.wikipedia.org/w/index.php?title=tim_elliott&oldid=1302886000 "" categories : 1986 births living people american male mixed martial artists mixed martial artists from kansas sportspeople from wichita, kansas people from sedgwick county, kansas central oklahoma bronchos wrestlers flyweight mixed martial artists mixed martial artists utilizing collegiate wrestling mixed martial artists utilizing brazilian jiu-jitsu american practitioners of brazilian jiu-jitsu ultimate fighting championship male fighters american sportspeople in doping cases doping cases in mixed martial arts hidden categories: cs1 dutch-language sources (nl) articles with brazilian portuguese-language sources (pt-br) articles with short description short description matches wikidata this page was last edited on 27 july 2025, at 23:43 (utc) .","[ 34 ] in his first fight, elliott faced 14th ranked 'team cejudo' fighter charlie alaniz. | [ 35 ] in the quarterfinals, elliott faced 6th ranked 'team cejudo' fighter and former caged contestant matt schnell . | "" 'tuf 24' gets other flyweight champs with coaches benavidez, cejudo; winner fights champ johnson"" .",https://en.wikipedia.org/wiki/Tim_Elliott
Joe Pyfer,,,No,No,No,"schalick high school and started competing on the school's wrestling team in tenth grade, where he was able to apply jiu jitsu and judo skills he learned as a child. | ""schalick high school wrestler joe pyfer having immediate impact"" , south jersey times , january 13, 2013. | ""schalick high school sophomore joe pyfer is in his first year of wrestling — ever....",,"schalick high school and started competing on the school's wrestling team in tenth grade, where he was able to apply jiu jitsu and judo skills he learned as a child. | pyfer started training with mixed martial arts, particularly jiu jitsu and judo, when he was 4 years old."" ^ sherdog.com. | schalick high school alumni people from pittsgrove township, new jersey sportspeople from vineland, new jersey sportspeople from salem county, new jersey mixed martial artists from new jersey american male mixed martial artists middleweight mixed martial artists ultimate fighting championship male fighters mixed martial artists utilizing boxing 21st-century american sportsmen hidden categories: articles with short description short description is different from wikidata use dmy dates from january 2024 this page was last edited on 23 july 2025, at 02:15 (utc) .",https://en.wikipedia.org/wiki/Joe_Pyfer
Sharabutdin Magomedov,,,Yes,No,No,,,"sharabutdin magomedov - wikipedia jump to content main menu main menu move to sidebar hide navigation main page contents current events random article about wikipedia contact us contribute help learn to edit community portal recent changes upload file special pages search search appearance donate create account log in personal tools donate create account log in pages for logged out editors learn more contributions talk contents move to sidebar hide (top) 1 early life 2 career toggle career subsection 2.1 early career 2.1.1 muay thai 2.1.2 lethwei 2.2 mixed martial arts career 2.2.1 ultimate fighting championship 3 shopping center attack 4 championships and accomplishments toggle championships and accomplishments subsection 4.1 mixed martial arts 4.2 muay thai 4.3 lethwei 5 mixed martial arts record 6 references 7 external links toggle the table of contents sharabutdin magomedov 10 languages العربية català español français italiano ქართული 日本語 polski português русский edit links article talk english read edit view history tools tools move to sidebar hide actions read edit view history general what links here related changes upload file permanent link page information cite this page get shortened url download qr code print/export download as pdf printable version in other projects wikimedia commons wikidata item appearance move to sidebar hide from wikipedia, the free encyclopedia russian mixed martial artist (born 1994) in this name that follows east slavic naming customs , the patronymic is magomedovich and the family name is magomedov . | sharabutdin magomedov magomedov in 2024 born sharabutdin magomedovich magomedov [ 1 ] ( 1994-05-16 ) may 16, 1994 (age 31) makhachkala , dagestan , russia native name шарабутдин магомедов other names shara bullet height 6 ft 2 in (1.88 m) weight 186 lb (84 kg; 13 st 4 lb) division welterweight (2017–2018) middleweight (2021–present) light heavyweight (2021) reach 73 in (185 cm) fighting out of makhachkala, dagestan, russia team gor mma rank international master of sport in lethwei [ 2 ] master of sport in muay thai [ 2 ] master of sport in kickboxing [ 2 ] master of sport candidate in combat sambo [ 2 ] years active 2017–present mixed martial arts record total 17 wins 16 by knockout 12 by decision 4 losses 1 by decision 1 other information mixed martial arts record from sherdog sharabutdin magomedovich magomedov ( russian : шарабутдин магомедович магомедов ; born 16 may 1994) is a russian professional mixed martial artist former muay thai and lethwei fighter. | [ 5 ] career [ edit ] early career [ edit ] muay thai [ edit ] magomedov started his combat sports career with boxing, where he had considerable success.",https://en.wikipedia.org/wiki/Sharabutdin_Magomedov
Rani Yahya,black belt,black belt,No,No,No,"rani yahya - wikipedia jump to content main menu main menu move to sidebar hide navigation main page contents current events random article about wikipedia contact us contribute help learn to edit community portal recent changes upload file special pages search search appearance donate create account log in personal tools donate create account log in pages for logged out editors learn more contributions talk contents move to sidebar hide (top) 1 background 2 mixed martial arts career toggle mixed martial arts career subsection 2.1 world extreme cagefighting 2.2 ultimate fighting championship 3 grappling credentials 4 championships and accomplishments toggle championships and accomplishments subsection 4.1 mixed martial arts 5 mixed martial arts record 6 see also 7 references 8 external links toggle the table of contents rani yahya 8 languages العربية español فارسی 日本語 português русский svenska українська edit links article talk english read edit view history tools tools move to sidebar hide actions read edit view history general what links here related changes upload file permanent link page information cite this page get shortened url download qr code print/export download as pdf printable version in other projects wikidata item appearance move to sidebar hide from wikipedia, the free encyclopedia brazilian martial artist rani yahya born rani ahmad yahya [ 1 ] ( 1984-09-12 ) september 12, 1984 (age 40) brasília , brazil height 5 ft 6 in (1.68 m) weight 135 lb (61 kg; 9.6 st) division bantamweight featherweight lightweight reach 68 in (173 cm) [ 2 ] fighting out of brasília , brazil team american top team [ 3 ] [ 4 ] constrictor team rank 5th degree black belt in brazilian jiu-jitsu [ 5 ] under athaíde junior [ 6 ] black belt in muay thai [ 7 ] years active 2002–present mixed martial arts record total 42 wins 28 by submission 21 by decision 7 losses 12 by knockout 4 by submission 1 by decision 7 draws 1 no contests 1 other information mixed martial arts record from sherdog rani yahya medal record representing brazil submission wrestling adcc world championships 2005 california, usa -66 kg 2007 new jersey, usa -66 kg brazilian jiu-jitsu world jiu-jitsu championship 2003 rio de janeiro -70kg (brown) 2002 rio de janeiro -64kg (purple) rani ahmad yahya [ 1 ] (born september 12, 1984) is a brazilian mixed martial artist and bjj practitioner. | he won the 66 kg division of the adcc submission wrestling world championship in april 2007. | [ 76 ] grappling credentials [ edit ] adcc world submission wrestling championships adcc 2007
–65 kg: 1st place adcc 2005
–65 kg: 2nd place adcc 2003
–65 kg: quarter finals.","rani yahya - wikipedia jump to content main menu main menu move to sidebar hide navigation main page contents current events random article about wikipedia contact us contribute help learn to edit community portal recent changes upload file special pages search search appearance donate create account log in personal tools donate create account log in pages for logged out editors learn more contributions talk contents move to sidebar hide (top) 1 background 2 mixed martial arts career toggle mixed martial arts career subsection 2.1 world extreme cagefighting 2.2 ultimate fighting championship 3 grappling credentials 4 championships and accomplishments toggle championships and accomplishments subsection 4.1 mixed martial arts 5 mixed martial arts record 6 see also 7 references 8 external links toggle the table of contents rani yahya 8 languages العربية español فارسی 日本語 português русский svenska українська edit links article talk english read edit view history tools tools move to sidebar hide actions read edit view history general what links here related changes upload file permanent link page information cite this page get shortened url download qr code print/export download as pdf printable version in other projects wikidata item appearance move to sidebar hide from wikipedia, the free encyclopedia brazilian martial artist rani yahya born rani ahmad yahya [ 1 ] ( 1984-09-12 ) september 12, 1984 (age 40) brasília , brazil height 5 ft 6 in (1.68 m) weight 135 lb (61 kg; 9.6 st) division bantamweight featherweight lightweight reach 68 in (173 cm) [ 2 ] fighting out of brasília , brazil team american top team [ 3 ] [ 4 ] constrictor team rank 5th degree black belt in brazilian jiu-jitsu [ 5 ] under athaíde junior [ 6 ] black belt in muay thai [ 7 ] years active 2002–present mixed martial arts record total 42 wins 28 by submission 21 by decision 7 losses 12 by knockout 4 by submission 1 by decision 7 draws 1 no contests 1 other information mixed martial arts record from sherdog rani yahya medal record representing brazil submission wrestling adcc world championships 2005 california, usa -66 kg 2007 new jersey, usa -66 kg brazilian jiu-jitsu world jiu-jitsu championship 2003 rio de janeiro -70kg (brown) 2002 rio de janeiro -64kg (purple) rani ahmad yahya [ 1 ] (born september 12, 1984) is a brazilian mixed martial artist and bjj practitioner. | [ 8 ] he trained judo, taekwondo and karate in his childhood, finding brazilian jiu-jitsu at the age of 11. | record of opponents: won: teemu launis (pts), mario delgado (pts), wagney fabiano (pts), marcio feitosa souza (pts), darell moodley (sub), bruno 'chavez' frazzato (rear naked choke), baret yoshida (pts), leo 'leozinho' vieira (rear naked choke), kohei yasumi (sub), jeff glover (pts) lost: leonardo viera (pts), leonardo viera (pts), rubens ""cobrinha"" charles (sub) ibjjjf/cbjj world championships 2019
black belt pena master: 1st place 2003
brown belt pena: 1st place 2002
purple belt pluma: 1st place 1999 pan-ams + world blue belt : 1st place championships and accomplishments [ edit ] mixed martial arts [ edit ] k-1 hero's 2006 k-1 hero's lightweight grand prix semifinalist tnt tnt: vale tudo 2 tournament winner world extreme cagefighting submission of the night (three times) vs.","rani yahya - wikipedia jump to content main menu main menu move to sidebar hide navigation main page contents current events random article about wikipedia contact us contribute help learn to edit community portal recent changes upload file special pages search search appearance donate create account log in personal tools donate create account log in pages for logged out editors learn more contributions talk contents move to sidebar hide (top) 1 background 2 mixed martial arts career toggle mixed martial arts career subsection 2.1 world extreme cagefighting 2.2 ultimate fighting championship 3 grappling credentials 4 championships and accomplishments toggle championships and accomplishments subsection 4.1 mixed martial arts 5 mixed martial arts record 6 see also 7 references 8 external links toggle the table of contents rani yahya 8 languages العربية español فارسی 日本語 português русский svenska українська edit links article talk english read edit view history tools tools move to sidebar hide actions read edit view history general what links here related changes upload file permanent link page information cite this page get shortened url download qr code print/export download as pdf printable version in other projects wikidata item appearance move to sidebar hide from wikipedia, the free encyclopedia brazilian martial artist rani yahya born rani ahmad yahya [ 1 ] ( 1984-09-12 ) september 12, 1984 (age 40) brasília , brazil height 5 ft 6 in (1.68 m) weight 135 lb (61 kg; 9.6 st) division bantamweight featherweight lightweight reach 68 in (173 cm) [ 2 ] fighting out of brasília , brazil team american top team [ 3 ] [ 4 ] constrictor team rank 5th degree black belt in brazilian jiu-jitsu [ 5 ] under athaíde junior [ 6 ] black belt in muay thai [ 7 ] years active 2002–present mixed martial arts record total 42 wins 28 by submission 21 by decision 7 losses 12 by knockout 4 by submission 1 by decision 7 draws 1 no contests 1 other information mixed martial arts record from sherdog rani yahya medal record representing brazil submission wrestling adcc world championships 2005 california, usa -66 kg 2007 new jersey, usa -66 kg brazilian jiu-jitsu world jiu-jitsu championship 2003 rio de janeiro -70kg (brown) 2002 rio de janeiro -64kg (purple) rani ahmad yahya [ 1 ] (born september 12, 1984) is a brazilian mixed martial artist and bjj practitioner. | [ 8 ] he trained judo, taekwondo and karate in his childhood, finding brazilian jiu-jitsu at the age of 11. | external links [ edit ] rani yahya at ufc professional mma record for rani yahya from sherdog retrieved from "" https://en.wikipedia.org/w/index.php?title=rani_yahya&oldid=1304594456 "" categories : 1984 births living people brazilian male mixed martial artists bantamweight mixed martial artists featherweight mixed martial artists lightweight mixed martial artists mixed martial artists utilizing muay thai mixed martial artists utilizing brazilian jiu-jitsu brazilian male muay thai practitioners brazilian practitioners of brazilian jiu-jitsu people awarded a black belt in brazilian jiu-jitsu martial artists from brasília brazilian people of syrian descent sportspeople of syrian descent brazilian expatriate sportspeople in the united states ultimate fighting championship male fighters 21st-century brazilian sportsmen hidden categories: cs1 portuguese-language sources (pt) cs1 errors: generic name articles with short description short description matches wikidata this page was last edited on 7 august 2025, at 00:45 (utc) .",https://en.wikipedia.org/wiki/Rani_Yahya
